id,word,article,topics,level,gender,partOfSpeech,translation,transcriptionRu,plural,examples,association,image,forms,conjugation
sterben,sterben,—,health,B1,—,глагол,умирать,ште́рбен,—,Er ist gestorben.,(стерва — смерть),sterben.jpg,sterben; starb; ist gestorben,ich sterbe…
streiten,streiten,—,emotions,A2,—,глагол,ссориться,штра́йтен,stritt; hat gestritten,Wir streiten oft.,(страйк → конфликт),streiten.jpg,—,ich streite…
vertrauen,vertrauen,—,relationships & communication,B1,—,глагол,доверять,фертра́уэн,—,Ich vertraue dir.,(открыть сердце — доверять),vertrauen.jpg,—,ich vertraue; du vertraust; er vertraut; wir vertrauen; ihr vertraut; sie/Sie vertrauen
geben,geben,—,relationships & communication,A1,—,глагол,давать,ге́бен,gab; hat gegeben,Ich gebe dir das Buch.,(give),geben.jpg,gab; hat gegeben,ich gebe; du gibst; er gibt; wir geben; ihr gebt; sie/Sie geben
verzeihen,verzeihen,—,relationships & communication,B1,—,глагол,прощать,ферца́йен,verzieh; hat verziehen,Ich verzeihe dir.,(цай — мягкое «прощаю»),verzeihen.jpg,verzieh; hat verziehen,ich verzeihe; du verzeihst; er verzeiht; wir verzeihen; ihr verzeiht; sie/Sie verzeihen
nicken,nicken,—,relationships & communication,A2,—,глагол,кивать,ни́ккен,—,Er nickt zustimmend.,(ник-ник — киваешь),nicken.jpg,—,ich nicke; du nickst; er nickt; wir nicken; ihr nickt; sie/Sie nicken
bieten,bieten,—,relationships & communication,A2,—,глагол,предлагать,би́тен,bot; hat geboten,Er bietet Hilfe an.,(бита — предлагаешь удар),bieten.jpg,bot; hat geboten,ich biete; du bietest; er bietet; wir bieten; ihr bietet; sie/Sie bieten
empfangen,empfangen,—,relationships & communication,B1,—,глагол,"принимать (людей, сигнал)",эмфа́нген,empfing; hat empfangen,Ich empfange Gäste.,(фан — принимать фанатов),empfangen.jpg,empfing; hat empfangen,ich empfange; du empfängst; er empfängt; wir empfangen; ihr empfangt; sie/Sie empfangen
verabschieden,verabschieden,—,relationships & communication,B1,—,глагол,прощаться,феравшИден,—,Ich verabschiede mich.,(abschied — прощание),verabschieden.jpg,—,ich verabschiede; du verabschiedest; er verabschiedet; wir verabschieden; ihr verabschiedet; sie/Sie verabschieden
schenken,schenken,—,relationships & communication,A1,—,глагол,дарить,ше́нкен,—,Ich schenke dir ein Buch.,(шенка — подарок),schenken.jpg,—,ich schenke; du schenkst; er schenkt; wir schenken; ihr schenkt; sie/Sie schenken
stoeren,stören,—,relationships & communication,A2,—,глагол,мешать,штё́рен,—,Du störst mich.,(шторм — мешает),stören.jpg,—,ich störe; du störst; er stört; wir stören; ihr stört; sie/Sie stören
helfen,helfen,—,relationships & communication,A1,—,глагол (Dativ!),помогать,хе́льфен,half; hat geholfen,Ich helfe dir.,(help),helfen.jpg,half; hat geholfen,ich helfe; du hilfst; er hilft; wir helfen; ihr helft; sie/Sie helfen
besuchen,besuchen,—,relationships & communication,A1,—,глагол,посещать,безу́хен,—,Ich besuche meine Oma.,(в гости — besuchen),besuchen.jpg,—,ich besuche; du besuchst; er besucht; wir besuchen; ihr besucht; sie/Sie besuchen
streiten,streiten,—,relationships & communication,A2,—,глагол,ссориться,штра́йтен,stritt; hat gestritten,Wir streiten oft.,(страйк — конфликт),streiten.jpg,stritt; hat gestritten,ich streite; du streitest; er streitet; wir streiten; ihr streitet; sie/Sie streiten
umarmen,umarmen,—,relationships & communication,A1,—,глагол,обнимать,ума́рмен,—,Ich umarme dich.,(arms — руки вокруг),umarmen.jpg,—,ich umarme; du umarmst; er umarmt; wir umarmen; ihr umarmt; sie/Sie umarmen
loben,loben,—,relationships & communication,A2,—,глагол,хвалить,ло́бен,—,Ich lobe dich.,(лоб + светится → похвала),loben.jpg,—,ich lobe; du lobst; er lobt; wir loben; ihr lobt; sie/Sie loben
kuessen,küssen,—,relationships & communication,A1,—,глагол,целовать,кю́ссен,—,Ich küsse dich.,(звук поцелуя — кю),küssen.jpg,—,ich küsse; du küsst; er küsst; wir küssen; ihr küsst; sie/Sie küssen
sprechen,sprechen,—,relationships & communication,A1,—,глагол,говорить,шпре́хен,sprach; hat gesprochen,Ich spreche Deutsch.,(speak),sprechen.jpg,sprach; hat gesprochen,ich spreche; du sprichst; er spricht; wir sprechen; ihr sprecht; sie/Sie sprechen
sagen,sagen,—,relationships & communication,A1,—,глагол,сказать,за́ген,—,Ich sage die Wahrheit.,(сказать — sagen),sagen.jpg,—,ich sage; du sagst; er sagt; wir sagen; ihr sagt; sie/Sie sagen
fragen,fragen,—,relationships & communication,A1,—,глагол,спрашивать,фра́ген,—,Ich frage dich.,(frage — вопрос),fragen.jpg,—,ich frage; du fragst; er fragt; wir fragen; ihr fragt; sie/Sie fragen
antworten,antworten,—,relationships & communication,A1,—,глагол,отвечать,а́нтвортен,—,Ich antworte dir.,(antwort — ответ),antworten.jpg,—,ich antworte; du antwortest; er antwortet; wir antworten; ihr antwortet; sie/Sie antworten
erzaehlen,erzählen,—,relationships & communication,A1,—,глагол,рассказывать,эрцэ́лен,—,Ich erzähle dir alles.,(цель — донести историю),erzählen.jpg,—,ich erzähle…
erklaeren,erklären,—,relationships & communication,A1,—,глагол,объяснять,эклэ́рен,—,Ich erkläre es dir.,(клара — ясность),erklären.jpg,—,ich erkläre…
zuhoeren,zuhören,—,relationships & communication,A2,—,глагол,слушать внимательно,цу́хёрен,—,Hör mir zu!,(к уху — zuhören),zuhören.jpg,—,ich höre zu…
rufen,rufen,—,relationships & communication,A1,—,глагол,"звать, кричать",ру́фен,rief; hat gerufen,Ich rufe dich an.,(руф! — зов),rufen.jpg,rief; gerufen,ich rufe…
gruessen,grüßen,—,relationships & communication,A1,—,глагол,приветствовать,грю́сен,—,Ich grüße dich.,(гру — привет),grüßen.jpg,—,ich grüße…
bitten,bitten,—,relationships & communication,A1,—,глагол,просить,би́ттен,bat; hat gebeten,Ich bitte dich um Hilfe.,(please → bitten),bitten.jpg,bat; gebeten,ich bitte…
widersprechen,widersprechen,—,relationships & communication,B1,—,глагол,возражать,ви́дэршпрехен,widersprach; hat widersprochen,Ich widerspreche dir.,(speak against → widersprechen),widersprechen.jpg,widersprach; widersprochen,ich widerspreche…
sich_entschuldigen,sich entschuldigen,—,relationships & communication,A2,—,глагол,извиняться,зих энтшу́льдиген,—,Ich entschuldige mich.,(schuld — вина → убрать вину),entschuldigen.jpg,—,ich entschuldige mich…
sich_bedanken,sich bedanken,—,relationships & communication,A2,—,глагол,благодарить,зих беда́нкен,—,Ich bedanke mich bei dir.,(danke → bedanken),bedanken.jpg,—,ich bedanke mich…
sich_vorstellen,sich vorstellen,—,relationships & communication,A2,—,глагол,представляться,зих фо́рштеллен,—,Ich stelle mich vor.,(ставить перед собой → vorstellen),vorstellen.jpg,—,ich stelle mich vor…
kennenlernen,kennenlernen,—,relationships & communication,A1,—,глагол,познакомиться,ке́ннэнлернен,—,Wir lernen uns kennen.,(learn to know),kennenlernen.jpg,—,ich lerne kennen…
einladen,einladen,—,relationships & communication,A2,—,глагол,приглашать,а́йнладен,lud ein; hat eingeladen,Ich lade dich ein.,(load into event → einladen),einladen.jpg,lud ein; eingeladen,ich lade ein…
vorschlagen,vorschlagen,—,relationships & communication,B1,—,глагол,предлагать,фо́ршлаген,schlug vor; hat vorgeschlagen,Ich schlage vor…,(бить вперёд идею),vorschlagen.jpg,schlug vor; vorgeschlagen,ich schlage vor…
unterhalten,unterhalten,—,relationships & communication,B1,—,глагол,"общаться, развлекать",унтэрха́льтен,unterhielt; hat unterhalten,Wir unterhalten uns.,(держать разговор),unterhalten.jpg,unterhielt; unterhalten,ich unterhalte…
vergeben,vergeben,—,relationships & communication,B1,—,глагол,прощать; выдавать,ферге́бен,vergab; hat vergeben,Ich vergebe dir.,(дать заново → прощение),vergeben.jpg,vergab; vergeben,ich vergebe…
verbieten,verbieten,—,relationships & communication,B1,—,глагол,запрещать,ферби́тен,verbot; hat verboten,Ich verbiete es dir.,(bieten — предлагать; ver- наоборот → запрещать),verbieten.jpg,verbot; verboten,ich verbiete…
empfehlen,empfehlen,—,relationships & communication,B1,—,глагол,рекомендовать,эмфе́лен,empfahl; hat empfohlen,Ich empfehle das Buch.,(fall into favor → empfehlen),empfehlen.jpg,empfahl; empfohlen,ich empfehle…
teilnehmen,teilnehmen,—,relationships & communication,A2,—,глагол,участвовать,та́йлнеймен,nahm teil; hat teilgenommen,Ich nehme teil.,(тайл — часть → teilnehmen),teilnehmen.jpg,nahm teil; teilgenommen,ich nehme teil…
versprechen,versprechen,—,relationships & communication,A2,—,глагол,обещать,фершпре́хен,versprach; hat versprochen,Ich verspreche es dir.,(говорить вперёд),versprechen.jpg,versprach; versprochen,ich verspreche…
treffen,treffen,—,relationships & communication,A1,—,глагол,встречать(ся),тре́ффен,traf; hat getroffen,Wir treffen uns morgen.,(traffic → встреча),treffen.jpg,traf; getroffen,ich treffe; du triffst; er trifft…
kommen,kommen,—,relationships & communication,A1,—,глагол,приходить,ко́ммен,kam; ist gekommen,Komm bitte zu mir.,(ком- сюда),kommen.jpg,kam; ist gekommen,ich komme; du kommst; er kommt…
bekommen,bekommen,—,relationships & communication,A1,—,глагол,получать,бекóммен,bekam; hat bekommen,Ich bekomme eine Nachricht.,(be- усиливает kommen → получать),bekommen.jpg,bekam; bekommen,ich bekomme…
schweigen,schweigen,—,relationships & communication,B1,—,глагол,молчать,шва́йген,schwieg; hat geschwiegen,Er schweigt lange.,(шш— тишина),schweigen.jpg,schwieg; geschwiegen,ich schweige…
sich_beschweren,sich beschweren,—,relationships & communication,B1,—,глагол (refl.),жаловаться,зих бешве́рен,—,Ich beschwere mich über ihn.,(тяжесть → schwer → жалоба),beschweren.jpg,—,ich beschwere mich…
sich_kuemmern_um,sich kümmern um,—,relationships & communication,A2,—,глагол (refl.),заботиться о,зих кю́ммерн ум,—,Ich kümmere mich um dich.,(куд- крутиться вокруг),kümmern.jpg,—,ich kümmere mich…
unterstuetzen,unterstützen,—,relationships & communication,B1,—,глагол,поддерживать,унтэрштю́цен,—,Ich unterstütze dich.,(под + стоять → поддерживать),unterstützen.jpg,—,ich unterstütze…
diskutieren,diskutieren,—,relationships & communication,B1,—,глагол,"обсуждать, дискутировать",дискути́рен,—,Wir diskutieren das Thema.,(как в русском),diskutieren.jpg,—,ich diskutiere…
zustimmen,zustimmen,—,relationships & communication,A2,—,глагол,соглашаться,цу́штиммен,—,Ich stimme dir zu.,(stimmen — быть верным → zustimmen),zustimmen.jpg,—,ich stimme zu…
ablehnen,ablehnen,—,relationships & communication,B1,—,глагол,"отклонять, отказывать",а́блеːнен,—,Ich lehne den Vorschlag ab.,(lehnen — отклонить назад),ablehnen.jpg,—,ich lehne ab…
vereinbaren,vereinbaren,—,relationships & communication,B1,—,глагол,договариваться,фера́йнбарен,—,Wir vereinbaren einen Termin.,(verein — союз → договориться),vereinbaren.jpg,—,ich vereinbare…
kontakt_aufnehmen,Kontakt aufnehmen,—,relationships & communication,B1,—,фраз. глагол,установить контакт,контак्ट ауфне́мен,—,Ich nehme Kontakt auf.,(take contact),kontakt.jpg,—,ich nehme Kontakt auf…
beziehung,Beziehung,die,relationships & communication,A2,f,сущ.,отношения,бецИ́хунг,Beziehungen,Wir haben eine gute Beziehung.,(ziehen — тянуть связь),beziehung.jpg,—,—
hilfe,Hilfe,die,relationships & communication,A1,f,сущ.,помощь,хИ́льфе,—,Ich brauche Hilfe.,(help → Hilfe),hilfe.jpg,—,—
haus,Haus,das,house & dwelling,A1,n,сущ.,дом,хаус,Häuser,Das Haus ist groß.,(house как в английском),haus.jpg,—,—
wohnung,Wohnung,die,house & dwelling,A1,f,сущ.,квартира,во́нунг,Wohnungen,Die Wohnung ist modern.,(жить — wohnen → Wohnung),wohnung.jpg,—,—
zimmer,Zimmer,das,house & dwelling,A1,n,сущ.,комната,ци́ммер,Zimmer,Das Zimmer ist hell.,(циммер — комната),zimmer.jpg,—,—
altbau,Altbau,der,house & dwelling,A2,m,сущ.,"старый дом (дореволюционный, старой постройки)",а́лтбау,Altbauten,Ich wohne in einem Altbau.,"(alt — старый, Bau — строение)",altbau.jpg,—,—
neubau,Neubau,der,house & dwelling,A2,m,сущ.,новостройка,но́йбау,Neubauten,Der Neubau ist teuer.,(neu — новый + Bau),neubau.jpg,—,—
wg,WG (Wohngemeinschaft),die,house & dwelling,A2,f,сущ.,"совместное жильё, коммуналка, квартира с соседями",веге́,WGs,Ich wohne in einer WG.,(Wohn + Gemeinschaft → совместное жильё),wg.jpg,—,—
dorf,Dorf,das,house & dwelling,A1,n,сущ.,деревня,дорф,Dörfer,Ich lebe in einem Dorf.,(деревня — Dorf),dorf.jpg,—,—
stadt,Stadt,die,house & dwelling,A1,f,сущ.,город,штат,Städte,Die Stadt ist groß.,(штат → город),stadt.jpg,—,—
nachbarschaft,Nachbarschaft,die,house & dwelling,A2,f,сущ.,"соседство, район",на́хбаршафт,—,Die Nachbarschaft ist ruhig.,(Nachbar — сосед),nachbarschaft.jpg,—,—
umgebung,Umgebung,die,house & dwelling,A2,f,сущ.,"окрестности, окружение",умге́бунг,—,Die Umgebung ist schön.,(um + geben — вокруг),umgebung.jpg,—,—
hof,Hof,der,house & dwelling,A1,m,сущ.,двор,хоф,Höfe,Die Kinder spielen im Hof.,"(хлев, двор)",hof.jpg,—,—
garten,Garten,der,house & dwelling,A1,m,сущ.,сад,га́ртен,Gärten,Der Garten ist groß.,(garden),garten.jpg,—,—
treppenhaus,Treppenhaus,das,house & dwelling,A2,n,сущ.,лестничная клетка,тре́ппенхаус,Treppenhäuser,Das Treppenhaus ist sauber.,(Treppen — ступени + Haus),treppenhaus.jpg,—,—
aufzug,Aufzug,der,house & dwelling,A2,m,сущ.,лифт,а́уфцуг,Aufzüge,Der Aufzug funktioniert nicht.,(auf + ziehen — тянуть вверх),aufzug.jpg,—,—
keller,Keller,der,house & dwelling,A1,m,сущ.,подвал,ке́ллер,Keller,Der Keller ist kalt.,(келлер — как cellar),keller.jpg,—,—
dachboden,Dachboden,der,house & dwelling,A2,m,сущ.,чердак,да́хбоден,Dachböden,Der Dachboden ist staubig.,"(Dach — крыша, Boden — пол → сверху)",dachboden.jpg,—,—
dach,Dach,das,house & dwelling,A1,n,сущ.,крыша,дах,Dächer,Das Dach ist neu.,(похоже на «дах»),dach.jpg,—,—
wand,Wand,die,house & dwelling,A1,f,сущ.,стена (внутренняя),ванд,Wände,Die Wand ist weiß.,(ванда — стена),wand.jpg,—,—
boden,Boden,der,house & dwelling,A1,m,сущ.,пол,бо́ден,Böden,Der Boden ist sauber.,(bottom → Boden),boden.jpg,—,—
decke,Decke,die,house & dwelling,A1,f,сущ.,потолок / одеяло,де́кке,Decken,Die Decke ist hoch.,(декор → верх),decke.jpg,—,—
flur,Flur,der,house & dwelling,A2,m,сущ.,коридор,флюр,Flure,Der Flur ist lang.,(флэр — проход),flur.jpg,—,—
tuer,Tür,die,house & dwelling,A1,f,сущ.,дверь,тюр,Türen,Die Tür ist offen.,(тура — дверь),tür.jpg,—,—
fenster,Fenster,das,house & dwelling,A1,n,сущ.,окно,фэ́нстер,Fenster,Das Fenster ist groß.,(фен — дует через окно),fenster.jpg,—,—
balkon,Balkon,der,house & dwelling,A2,m,сущ.,балкон,балко́н,Balkone,Der Balkon ist sonnig.,(как русское «балкон»),balkon.jpg,—,—
terrasse,Terrasse,die,house & dwelling,A2,f,сущ.,терраса,тэра́ссе,Terrassen,Wir sitzen auf der Terrasse.,(как русское «терраса»),terrasse.jpg,—,—
garage,Garage,die,house & dwelling,A1,f,сущ.,гараж,гара́же,Garagen,Die Garage ist voll.,(как русское «гараж»),garage.jpg,—,—
stellplatz,Stellplatz,der,house & dwelling,B1,m,сущ.,парковочное место,штэ́льплац,Stellplätze,Ich habe einen Stellplatz.,(stelle → ставить машину),stellplatz.jpg,—,—
mieter,Mieter,der,house & dwelling,A2,m,сущ.,арендатор,ми́тер,Mieter,Der Mieter zahlt die Miete.,(mieten — снимать → Mieter),mieter.jpg,—,—
vermieter,Vermieter,der,house & dwelling,A2,m,сущ.,арендодатель,ферми́тер,Vermieter,Der Vermieter ist freundlich.,(ver- отдавать → Vermieter),vermieter.jpg,—,—
miete,Miete,die,house & dwelling,A1,f,сущ.,"аренда, квартплата",ми́те,Mieten,Die Miete ist hoch.,(мито — плата),miete.jpg,—,—
nebenkosten,Nebenkosten,die (Pl.),house & dwelling,B1,pl,сущ.,коммунальные платежи,не́бенкостен,—,Die Nebenkosten sind teuer.,"(Neben — дополнительно, Kosten — расходы)",nebenkosten.jpg,—,—
kaution,Kaution,die,house & dwelling,B1,f,сущ.,залог,кавцио́н,Kautionen,Die Kaution beträgt 500 Euro.,(как в русском),kaution.jpg,—,—
vertrag,Vertrag,der,house & dwelling,B1,m,сущ.,договор,фертра́г,Verträge,Ich unterschreibe den Vertrag.,(тракт → документ),vertrag.jpg,—,—
umzug,Umzug,der,house & dwelling,A2,m,сущ.,переезд,у́мцу́г,Umzüge,Der Umzug ist stressig.,(ziehen — тянуть → перетаскивать вещи),umzug.jpg,—,—
einziehen,einziehen,—,house & dwelling,A2,—,глагол,въезжать,а́йнциехен,zog ein; ist eingezogen,Ich ziehe morgen ein.,(ein — внутрь + ziehen — тянуть),einziehen.jpg,zog ein; eingezogen,ich ziehe ein…
ausziehen,ausziehen,—,house & dwelling,A2,—,глагол,выезжать,а́усциехен,zog aus; ist ausgezogen,Er zieht nächste Woche aus.,(aus — наружу),ausziehen.jpg,zog aus; ausgezogen,ich ziehe aus…
umziehen,umziehen,—,house & dwelling,A2,—,глагол,переезжать,у́мциехен,zog um; ist umgezogen,Wir ziehen nach Berlin um.,(um — вокруг → менять место),umziehen.jpg,zog um; umgezogen,ich ziehe um…
renovieren,renovieren,—,house & dwelling,B1,—,глагол,"ремонтировать, обновлять",ренови́рен,—,Wir renovieren die Wohnung.,(renovation),renovieren.jpg,—,ich renoviere…
reparieren,reparieren,—,house & dwelling,A2,—,глагол,"чинить, ремонтировать",репари́рен,—,Ich repariere die Tür.,(repair),reparieren.jpg,—,ich repariere…
gross,groß,—,house & dwelling,A1,—,прил.,большой,грос,—,Die Wohnung ist groß.,(грос — большой),groß.jpg,—,—
klein,klein,—,house & dwelling,A1,—,прил.,маленький,кляйн,—,Das Zimmer ist klein.,(клякса — маленькая),klein.jpg,—,—
gemuetlich,gemütlich,—,house & dwelling,A2,—,прил.,уютный,гемю́тлих,—,Die Wohnung ist gemütlich.,(мягко «мю» — уютно),gemütlich.jpg,—,—
eng,eng,—,house & dwelling,A2,—,прил.,"тесный, узкий",энг,—,Das Zimmer ist eng.,(анг — сжато),eng.jpg,—,—
breit,breit,—,house & dwelling,A2,—,прил.,широкий,брайт,—,Die Straße ist breit.,(bright — широкое пространство),breit.jpg,—,—
moebliert,möbliert,—,house & dwelling,B1,—,прил.,меблированный,мёбли́рт,—,Die Wohnung ist möbliert.,(Möbel → мебель),möbliert.jpg,—,—
haushalt,Haushalt,der,house & dwelling,B1,m,сущ.,"хозяйство, домашние дела",ха́ушальт,Haushalte,Der Haushalt ist groß.,(house + halten — держать быт),haushalt.jpg,—,—
bewohner,Bewohner,der,house & dwelling,A2,m,сущ.,житель,бево́нер,Bewohner,Die Bewohner sind freundlich.,(wohnen → Bewohner),bewohner.jpg,—,—
wohnen,wohnen,—,house & dwelling,A1,—,глагол,"жить, проживать",во́нен,—,Ich wohne in Berlin.,(one — живёт один),wohnen.jpg,—,ich wohne…
bewohnen,bewohnen,—,house & dwelling,B1,—,глагол,"заселять, населять",бево́нен,—,Viele Menschen bewohnen das Haus.,(wohnen → bewohnen),bewohnen.jpg,—,ich bewohne…
kueche,Küche,die,house & dwelling,A1,f,сущ.,кухня,кю́хе,Küchen,Die Küche ist modern.,(кухя — кухня),küche.jpg,—,—
bad,Bad,das,house & dwelling,A1,n,сущ.,ванная,бат,Bäder,Das Bad ist klein.,(bath),bad.jpg,—,—
raum,Raum,der,house & dwelling,A1,m,сущ.,"помещение, пространство",раум,Räume,Der Raum ist groß.,(room),raum.jpg,—,—
huette,Hütte,die,house & dwelling,B1,f,сущ.,хижина,хю́тте,Hütten,Die Hütte steht im Wald.,(хата → Hütte),hütte.jpg,—,—
einrichten,einrichten,—,house & dwelling,A2,—,глагол,"обустраивать, оформлять",а́йнрихтен,—,Ich richte die Wohnung ein.,"(richten — направлять, устраивать)",einrichten.jpg,—,ich richte ein…
montieren,montieren,—,house & dwelling,B1,—,глагол,"монтировать, собирать",монти́рен,—,Ich montiere das Regal.,(как «монтаж»),montieren.jpg,—,ich montiere…
aufbauen,aufbauen,—,house & dwelling,A2,—,глагол,"собирать, строить",а́уфбауэн,baute auf; hat aufgebaut,Ich baue die Möbel auf.,(bauen — строить → aufbauen),aufbauen.jpg,baute auf; aufgebaut,ich baue auf…
berg,Berg,der,nature,A1,m,сущ.,гора,берг,Berge,Der Berg ist hoch.,(берег — возвышенность),berg.jpg,—,—
bewoelkt,bewölkt,—,nature,A2,—,прил.,облачно,бевёлькт,—,Es ist bewölkt.,(wolk — облако),bewölkt.jpg,—,—
blitz,Blitz,der,nature,A2,m,сущ.,молния,блиц,Blitze,Der Blitz ist hell.,(блиц — очень быстро),blitz.jpg,—,—
brennen,brennen,—,nature,A2,—,глагол,гореть,брэ́ннен,brannte; hat gebrannt,Das Feuer brennt.,(бревно горит → brennen),brennen.jpg,brannte; gebrannt,ich brenne…
donner,Donner,der,nature,A2,m,сущ.,гром,до́ннер,Donner,Der Donner ist laut.,(дон! — удар грома),donner.jpg,—,—
erdbeben,Erdbeben,das,nature,B1,n,сущ.,землетрясение,э́рдбебен,Erdbeben,Das Erdbeben war stark.,(Erde + beben — земля дрожит),erdbeben.jpg,—,—
feld,Feld,das,nature,A1,n,сущ.,поле,фельд,Felder,Das Feld ist groß.,(фолдинг — простор),feld.jpg,—,—
fliessen,fließen,—,nature,A2,—,глагол,течь,фли́сен,floss; ist geflossen,Der Fluss fließt schnell.,(flow → fließen),fließen.jpg,floss; geflossen,ich fließe…
fluss,Fluss,der,nature,A1,m,сущ.,река,флус,Flüsse,Der Fluss ist breit.,(flow → Fluss),fluss.jpg,—,—
flut,Flut,die,nature,B1,f,сущ.,наводнение,флу́т,Fluten,Die Flut ist gefährlich.,(flood → Flut),flut.jpg,—,—
frieren,frieren,—,nature,A2,—,глагол,мёрзнуть,фри́рен,fror; hat/ist gefroren,Ich friere.,(freeze → frieren),frieren.jpg,fror; gefroren,ich friere…
gewitter,Gewitter,das,nature,A2,n,сущ.,гроза,геви́ттер,Gewitter,Das Gewitter kommt.,(виттер — ветер грозы),gewitter.jpg,—,—
grad,Grad,der,nature,A1,m,сущ.,градус,грат,Grade,Es sind 20 Grad.,(degree → Grad),grad.jpg,—,—
hagel,Hagel,der,nature,B1,m,сущ.,град (осадки),ха́гель,Hagel,Es hagelt.,(хаг — твёрдые капли),hagel.jpg,—,—
insel,Insel,die,nature,A1,f,сущ.,остров,и́нзель,Inseln,Die Insel ist klein.,(island → Insel),insel.jpg,—,—
klimawandel,Klimawandel,der,nature,B1,m,сущ.,изменение климата,кли́мавандель,—,Der Klimawandel ist real.,(Wandel — перемена),klimawandel.jpg,—,—
kueste,Küste,die,nature,A2,f,сущ.,побережье,кю́сте,Küsten,Die Küste ist schön.,(крутая линия берега → Küste),küste.jpg,—,—
meer,Meer,das,nature,A1,n,сущ.,море,меːр,Meere,Das Meer ist ruhig.,(море → Meer),meer.jpg,—,—
nass,nass,—,nature,A1,—,прил.,мокрый,нас,—,Ich bin nass.,(нас — намок),nass.jpg,—,—
nebel,Nebel,der,nature,A2,m,сущ.,туман,не́бель,Nebel,Der Nebel ist dicht.,(небо — скрыто туманом),nebel.jpg,—,—
orkan,Orkan,der,nature,B1,m,сущ.,ураган,орка́н,Orkane,Der Orkan ist stark.,(орк → сильный шторм),orkan.jpg,—,—
regen,Regen,der,nature,A1,m,сущ.,дождь,ре́ген,Regen,Der Regen fällt.,(рег — льёт),regen.jpg,—,—
regnen,regnen,—,nature,A1,глагол,идти (о дожде),ре́гнен,—,Es regnet.,(regen → regnen),regnen.jpg,—,es regnet…,
scheinen,scheinen,—,nature,A2,глагол,светить,шай́нен,schien; hat geschienen,Die Sonne scheint.,(shine → scheinen),scheinen.jpg,schien; geschienen,ich scheine…,
schnee,Schnee,der,nature,A1,m,сущ.,снег,шнеː,Schnee,Der Schnee ist weiß.,(sch — шипит → снег падает),schnee.jpg,—,—
schneien,schneien,—,nature,A1,глагол,идёт снег,шна́йен,—,Es schneit.,(Schnee → schneien),schneien.jpg,—,es schneit…,
see,See,der,nature,A1,m,сущ.,озеро,зеː,Seen,Der See ist tief.,(sea → See),see.jpg,—,—
sturm,Sturm,der,nature,A2,m,сущ.,"буря, шторм",шту́рм,Stürme,Der Sturm ist gefährlich.,(штурм → сильный ветер),sturm.jpg,—,—
tal,Tal,das,nature,A2,n,сущ.,долина,таːл,Täler,Das Tal ist ruhig.,(даль — низина),tal.jpg,—,—
temperatur,Temperatur,die,nature,A1,f,сущ.,температура,темпэрату́р,Temperaturen,Die Temperatur ist niedrig.,(как в русском),temperatur.jpg,—,—
trocken,trocken,—,nature,A2,прил.,сухой,тро́ккен,—,Es ist trocken.,(труха → сухое),trocken.jpg,—,—,
ueberfluten,überfluten,—,nature,B1,глагол,затоплять,ю́берфлутен,—,Der Fluss überflutet das Tal.,(flood → fluten),überfluten.jpg,—,ich überflute…,
ufer,Ufer,das,nature,A2,n,сущ.,берег (реки/озера),у́фер,Ufer,Am Ufer sitzen Leute.,(offer — край),ufer.jpg,—,—
umwelt,Umwelt,die,nature,A2,f,сущ.,окружающая среда,у́мвельт,—,Die Umwelt ist wichtig.,(um — вокруг + Welt — мир),umwelt.jpg,—,—
wachsen,wachsen,—,nature,A2,глагол,расти,ва́хсен,wuchs; ist gewachsen,Die Pflanzen wachsen schnell.,(wax — расти),wachsen.jpg,wuchs; gewachsen,ich wachse…,
wald,Wald,der,nature,A1,m,сущ.,лес,вальт,Wälder,Der Wald ist dicht.,(вал деревьев),wald.jpg,—,—
wehen,wehen,—,nature,A2,глагол,дуть (о ветре),ве́эн,—,Der Wind weht.,(веет → wehen),wehen.jpg,—,es weht…,
wetter,Wetter,das,nature,A1,n,сущ.,погода,ве́ттер,Wetter,Das Wetter ist schön.,(weather → Wetter),wetter.jpg,—,—
wetterbericht,Wetterbericht,der,nature,A2,m,сущ.,прогноз погоды,ве́ттерберихт,Wetterberichte,Ich höre den Wetterbericht.,(Bericht — отчёт → о погоде),wetterbericht.jpg,—,—
wiese,Wiese,die,nature,A1,f,сущ.,луг,ви́зе,Wiesen,Die Wiese ist grün.,(вивисектора нет → трава),wiese.jpg,—,—
zerstoeren,zerstören,—,nature,B1,—,глагол,"разрушать, уничтожать",цэршто́рен,—,Das Feuer zerstört den Wald.,"(stören — мешать, zerstören — разрушать полностью)",zerstören.jpg,—,ich zerstöre…
welt,Welt,die,nature,A1,f,сущ.,"мир, планета",вэлт,Welten,Die Welt ist schön.,(world → Welt),welt.jpg,—,—
wind,Wind,der,nature,A1,m,сущ.,ветер,винд,Winde,Der Wind weht stark.,(wind → Wind),wind.jpg,—,—
luft,Luft,die,nature,A1,f,сущ.,воздух,лфт,Lüfte,Die Luft ist frisch.,(луфт — воздух),luft.jpg,—,—
bach,Bach,der,nature,A2,m,сущ.,ручей,бах,Bäche,Der Bach fließt schnell.,(бах — журчит),bach.jpg,—,—
licht,Licht,das,nature,A1,n,сущ.,свет,лихт,Lichter,Das Licht ist hell.,(light → Licht),licht.jpg,—,—
himmel,Himmel,der,nature,A1,m,сущ.,небо,хи́ммель,Himmel,Der Himmel ist blau.,(humble — высокое небо),himmel.jpg,—,—
wolke,Wolke,die,nature,A1,f,сущ.,облако,во́лке,Wolken,Die Wolke ist grau.,(волокно — пушистое → облако),wolke.jpg,—,—
sonne,Sonne,die,nature,A1,f,сущ.,солнце,зо́нне,Sonnen,Die Sonne scheint.,(sun → Sonne),sonne.jpg,—,—
schatten,Schatten,der,nature,A2,m,сущ.,тень,ша́ттен,Schatten,Im Schatten ist es kühl.,(shadow → Schatten),schatten.jpg,—,—
blume,Blume,die,nature,A1,f,сущ.,цветок,блю́ме,Blumen,Die Blume ist schön.,(блум → расцветать),blume.jpg,—,—
stickig,stickig,—,nature,B1,—,прил.,душный,шти́кихь,—,Der Raum ist stickig.,(stick → застряло → душно),stickig.jpg,—,—
schwuel,schwül,—,nature,B1,—,прил.,"влажный, душный (о погоде)",швюль,—,Es ist schwül heute.,(шв — тяжёлый воздух),schwül.jpg,—,—
hitze,Hitze,die,nature,A2,f,сущ.,жара,хи́тце,—,Die Hitze ist stark.,(heat → Hitze),hitze.jpg,—,—
arbeit,Arbeit,die,work & career,A1,f,сущ.,работа,а́рбайт,Arbeiten,Die Arbeit macht Spaß.,(арба — возить тяжёлую работу),arbeit.jpg,—,—
beruf,Beruf,der,work & career,A1,m,сущ.,профессия,беру́ф,Berufe,Mein Beruf ist Lehrer.,(беру — выбираю профессию),beruf.jpg,—,—
stelle,Stelle,die,work & career,A2,f,сущ.,должность,ште́лле,Stellen,Ich suche eine Stelle.,(стелить карьеру),stelle.jpg,—,—
firma,Firma,die,work & career,A1,f,сущ.,"фирма, компания",фи́рма,Firmen,Die Firma wächst schnell.,(как по-русски),firma.jpg,—,—
abteilung,Abteilung,die,work & career,A2,f,сущ.,отдел,аптА́йлюнг,Abteilungen,Die Abteilung ist groß.,(teil — часть → отдел),abteilung.jpg,—,—
team,Team,das,work & career,A1,n,сущ.,команда,тим,Teams,Wir arbeiten im Team.,(teamwork),team.jpg,—,—
kollege,Kollege,der,work & career,A1,m,сущ.,коллега,колле́ге,Kollegen,Er ist mein Kollege.,(коллега),kollege.jpg,—,—
mitarbeiter,Mitarbeiter,der,work & career,A2,m,сущ.,сотрудник,ми́тарбайтер,Mitarbeiter,Die Mitarbeiter sind freundlich.,(mit + arbeiten → вместе работать),mitarbeiter.jpg,—,—
gehalt,Gehalt,das,work & career,B1,n,сущ.,зарплата,геха́лт,Gehälter,Das Gehalt ist hoch.,(держать → содержание → зарплата),gehalt.jpg,—,—
vertrag,Vertrag,der,work & career,B1,m,сущ.,контракт,фертра́г,Verträge,Ich unterschreibe den Vertrag.,(тракт — документ),vertrag.jpg,—,—
bewerbung,Bewerbung,die,work & career,B1,f,сущ.,заявление на работу,бева́рбунг,Bewerbungen,Ich schreibe eine Bewerbung.,(werben — привлекать → Bewerbung),bewerbung.jpg,—,—
lebenslauf,Lebenslauf,der,work & career,B1,m,сущ.,резюме,ле́бэнслауф,Lebensläufe,Mein Lebenslauf ist aktuell.,(жизненный путь),lebenslauf.jpg,—,—
vorstellungsgespraech,Vorstellungsgespräch,das,work & career,B1,n,сущ.,собеседование,фо́рштелунггешпре́х,Vorstellungsgespräche,Ich habe ein Vorstellungsgespräch.,(представить себя → Gespräch),vorstellungsgespraech.jpg,—,—
projekt,Projekt,das,work & career,A2,n,сущ.,проект,прое́кт,Projekte,Das Projekt ist wichtig.,(как по-русски),projekt.jpg,—,—
aufgabe,Aufgabe,die,work & career,A2,f,сущ.,задание,ау́фгабе,Aufgaben,Ich erledige die Aufgabe.,(geben — дать → задание),aufgabe.jpg,—,—
ziel,Ziel,das,work & career,A2,n,сущ.,цель,циль,Ziele,Das Ziel ist klar.,(цель → Ziel),ziel.jpg,—,—
erfolg,Erfolg,der,work & career,B1,m,сущ.,успех,эрфо́льг,Erfolge,Erfolg ist wichtig.,(folgen — следовать → добиться),erfolg.jpg,—,—
erfahrung,Erfahrung,die,work & career,B1,f,сущ.,опыт,эрфа́рунг,Erfahrungen,Ich habe viel Erfahrung.,(fahren — пройти путь → Erfahrung),erfahrung.jpg,—,—
faehigkeit,Fähigkeit,die,work & career,B1,f,сущ.,способность,фэ́йхиккайт,Fähigkeiten,Die Fähigkeit ist wichtig.,(fähig → способный),fähigkeit.jpg,—,—
kompetenz,Kompetenz,die,work & career,B1,f,сущ.,компетенция,компетЭ́нц,Kompetenzen,Die Kompetenz fehlt.,(как в русском),kompetenz.jpg,—,—
verantwortung,Verantwortung,die,work & career,B1,f,сущ.,ответственность,фера́нтвортунг,Verantwortungen,Ich habe viel Verantwortung.,(antwort — ответ → ответственность),verantwortung.jpg,—,—
voraussetzung,Voraussetzung,die,work & career,B1,f,сущ.,"требование, предпосылка",фора́усзецунг,Voraussetzungen,Die Voraussetzung ist wichtig.,(vor + setzen — поставить вперёд как условие),voraussetzung.jpg,—,—
weiterbildung,Weiterbildung,die,work & career,B1,f,сущ.,повышение квалификации,ва́йтербилдунг,Weiterbildungen,Ich mache eine Weiterbildung.,(weiter — дальше + Bildung — образование),weiterbildung.jpg,—,—
karriere,Karriere,die,work & career,B1,f,сущ.,карьера,карье́ре,Karrieren,Die Karriere läuft gut.,(как по-русски),karriere.jpg,—,—
kuendigung,Kündigung,die,work & career,B1,f,сущ.,увольнение,кю́ндигунг,Kündigungen,Ich bekomme eine Kündigung.,(kündigen — расторгать),kündigung.jpg,—,—
hilfe,Hilfe,die,work & career,A1,f,сущ.,помощь,хи́льфе,—,Ich brauche Hilfe.,(help → Hilfe),hilfe.jpg,—,—
kosten,Kosten,die (Pl.),work & career,A2,pl,сущ.,"расходы, издержки",ко́стен,—,Die Kosten sind hoch.,(cost → Kosten),kosten.jpg,—,—
fehler,Fehler,der,work & career,A2,m,сущ.,ошибка,фе́лер,Fehler,Ich habe einen Fehler gemacht.,(fail → Fehler),fehler.jpg,—,—
messe,Messe,die,work & career,B1,f,сущ.,"выставка, ярмарка",ме́ссе,Messen,Die Messe ist international.,(mass meeting → Messe),messe.jpg,—,—
verwendung,Verwendung,die,work & career,B1,f,сущ.,применение,ферве́ндунг,Verwendungen,Die Verwendung ist korrekt.,(verwenden → использовать),verwendung.jpg,—,—
machen,machen,—,work & career,A1,глагол,делать,ма́хен,—,Ich mache das sofort.,(мах — действие),machen.jpg,—,ich mache…,
tun,tun,—,work & career,A2,глагол,делать (более формально),тун,tat; hat getan,Was soll ich tun?,(do → tun),tun.jpg,tat; getan,ich tue…,
verwenden,verwenden,—,work & career,B1,глагол,использовать,ферве́нден,—,Ich verwende das Material.,(ВЕНДор — используешь товар),verwenden.jpg,—,ich verwende…,
suchen,suchen,—,work & career,A1,глагол,искать,зу́хен,—,Ich suche eine Stelle.,(зух — ищу),suchen.jpg,—,ich suche…,
erreichen,erreichen,—,work & career,A2,глагол,достигать,эра́йхен,—,Ich erreiche mein Ziel.,(reich — богат → достигать),erreichen.jpg,—,ich erreiche…,
bieten,bieten,—,work & career,A2,глагол,предлагать,би́тен,bot; hat geboten,Die Firma bietet viel.,(offer → bieten),bieten.jpg,bot; geboten,ich biete…,
werben,werben,—,work & career,B1,глагол,рекламировать; привлекать,ве́рбен,warb; hat geworben,Die Firma wirbt online.,(вербовать → werben),werben.jpg,warb; geworben,ich werbe…,
helfen,helfen,—,work & career,A1,глагол (Dativ),помогать,хе́льфен,half; hat geholfen,Ich helfe dir.,(help → helfen),helfen2.jpg,half; geholfen,ich helfe…,
sich_anstrengen,sich anstrengen,—,work & career,B1,глагол (refl.),"стараться, напрягаться",зих а́нштренген,—,Ich strenge mich an.,(strength → anstrengen),anstrengen.jpg,—,ich strenge mich an…,
sich_bemuehen,sich bemühen,—,work & career,B1,глагол (refl.),"стараться, прилагать усилия",зих бему́йен,—,Ich bemühe mich.,"(мю — мягко, усилие)",bemühen.jpg,—,ich bemühe mich…,
verabreden,verabreden,—,work & career,B1,глагол,договариваться,фера́бриден,—,Wir verabreden ein Treffen.,(abreden — обговорить),verabreden.jpg,—,ich verabrede…,
sich_bewerben_um,sich bewerben um,—,work & career,B1,глагол (refl.),подаваться на (вакансию),зих беве́рбен ум,bewarb sich; hat sich beworben,Ich bewerbe mich um die Stelle.,(werben → привлекать → Bewerben),bewerben_um.jpg,bewarb sich; beworben,ich bewerbe mich um…,
anfangen,anfangen,—,work & career,A2,глагол,начинать,а́нфанген,fing an; hat angefangen,Ich fange an.,(начать — an + fangen — хватать),anfangen.jpg,fing an; angefangen,ich fange an…,
aufgeben,aufgeben,—,work & career,B1,—,глагол,"сдавать(ся), прекращать",а́уфгебен,gab auf; hat aufgegeben,Ich gebe nicht auf.,(отдать вверх → сдаться),aufgeben.jpg,gab auf; aufgegeben,ich gebe auf…
verschieben,verschieben,—,work & career,B1,—,глагол,"переносить, откладывать",ферши́бен,verschob; hat verschoben,Wir verschieben den Termin.,(schieben — двигать → verschieben),verschieben.jpg,verschob; verschoben,ich verschiebe…
anwenden,anwenden,—,work & career,B1,—,глагол,применять,а́нвендэн,—,Ich wende die Methode an.,(wenden — повернуть → применить),anwenden.jpg,—,ich wende an…
empfehlen,empfehlen,—,work & career,B1,—,глагол,рекомендовать,эмфе́лен,empfahl; hat empfohlen,Ich empfehle das Buch.,(fall into favor),empfehlen2.jpg,empfahl; empfohlen,ich empfehle…
unternehmen,unternehmen,—,work & career,B1,—,глагол,предпринимать,унтэрне́мен,unternahm; hat unternommen,Wir unternehmen etwas.,(nehmen — брать → предпринять),unternehmen.jpg,unternahm; unternommen,ich unternehme…
teilnehmen,teilnehmen,—,work & career,A2,—,глагол,участвовать,та́йлнеймен,nahm teil; hat teilgenommen,Ich nehme an der Sitzung teil.,(take part → teilnehmen),teilnehmen2.jpg,nahm teil; teilgenommen,ich nehme teil…
entscheiden,entscheiden,—,work & career,B1,—,глагол,"решать, принимать решение",энтша́йден,entschied; hat entschieden,Ich entscheide das später.,(schneiden — отрезать → выбрать),entscheiden.jpg,entschied; entschieden,ich entscheide…
schwierig,schwierig,—,work & career,A2,—,прил.,трудный,шви́рихь,—,Die Aufgabe ist schwierig.,(schwer — тяжёлый → schwierig),schwierig.jpg,—,—
wichtig,wichtig,—,work & career,A1,—,прил.,важный,ви́хтихь,—,Das ist wichtig.,(веха → ключевое),wichtig.jpg,—,—
flexibel,flexibel,—,work & career,B1,—,прил.,гибкий,флекси́бэль,—,Ich bin flexibel.,(flex → сгибать),flexibel.jpg,—,—
puenktlich,pünktlich,—,work & career,A2,—,прил.,пунктуальный,пю́нктлихь,—,Ich bin pünktlich.,(punkt — точка во времени),pünktlich.jpg,—,—
verlaesslich,verlässlich,—,work & career,B1,—,прил.,надёжный,ферле́сслихь,—,Er ist sehr verlässlich.,(lassen → доверить),verlässlich.jpg,—,—